name,avg_total_points,id,element_type,team,now_cost,adjusted_expected_points,points_per_price,price_per_point,position
Erling Haaland,7.157894736842105,355.0,4.0,Man City,140.0,61.5578947368421,0.4396992481203007,2.2742818057455545,Forward
Harry Kane,6.921052631578948,500.0,4.0,Spurs,125.0,53.2921052631579,0.4263368421052632,2.3455631820650833,Forward
Mohamed Salah,6.2894736842105265,308.0,3.0,Liverpool,125.0,50.31578947368421,0.4025263157894737,2.4843096234309625,Midfielder
Martin Ødegaard,5.578947368421052,14.0,3.0,Arsenal,85.0,49.09473684210526,0.5775851393188854,1.7313464837049743,Midfielder
Bukayo Saka,5.315789473684211,19.0,3.0,Arsenal,85.0,46.77894736842106,0.5503405572755419,1.8170567056705669,Midfielder
Gabriel Martinelli Silva,5.2105263157894735,12.0,3.0,Arsenal,80.0,45.85263157894737,0.5731578947368421,1.7447199265381084,Midfielder
Marcus Rashford,5.394736842105263,396.0,3.0,Man Utd,90.0,44.23684210526315,0.49152046783625725,2.034503271861987,Midfielder
Ivan Toney,4.7894736842105265,117.0,4.0,Brentford,80.0,41.66842105263158,0.5208552631578948,1.9199191612984716,Forward
Kevin De Bruyne,4.815789473684211,349.0,3.0,Man City,105.0,41.41578947368421,0.39443609022556386,2.5352649637819296,Midfielder
David Raya Martin,4.368421052631579,113.0,1.0,Brentford,50.0,38.00526315789473,0.7601052631578946,1.3156072566126578,Goalkeeper
Bruno Borges Fernandes,4.631578947368421,373.0,3.0,Man Utd,85.0,37.97894736842105,0.44681114551083595,2.238082039911308,Midfielder
Pascal Groß,4.184210526315789,134.0,3.0,Brighton,65.0,37.23947368421053,0.572914979757085,1.7454596848279273,Midfielder
Kieran Trippier,5.2105263157894735,430.0,2.0,Newcastle,65.0,36.99473684210526,0.5691497975708502,1.7570066865841516,Defender
Benjamin White,4.105263157894737,29.0,2.0,Arsenal,55.0,36.12631578947369,0.6568421052631581,1.522435897435897,Defender
Leandro Trossard,4.052631578947368,26.0,3.0,Arsenal,70.0,35.66315789473684,0.5094736842105263,1.962809917355372,Midfielder
Granit Xhaka,4.026315789473684,30.0,3.0,Arsenal,60.0,35.43157894736842,0.5905263157894737,1.6934046345811051,Midfielder
Solly March,3.8684210526315788,140.0,3.0,Brighton,65.0,34.42894736842105,0.5296761133603238,1.88794618971184,Midfielder
Bryan Mbeumo,3.9473684210526314,108.0,3.0,Brentford,65.0,34.34210526315789,0.5283400809716599,1.8927203065134102,Midfielder
Alisson Ramses Becker,4.2631578947368425,291.0,1.0,Liverpool,55.0,34.10526315789474,0.6200956937799044,1.6126543209876543,Goalkeeper
Eberechi Eze,4.184210526315789,226.0,3.0,Crystal Palace,65.0,33.892105263157895,0.521417004048583,1.9178507648109324,Midfielder
Gabriel dos Santos Magalhães,3.8421052631578947,5.0,2.0,Arsenal,50.0,33.810526315789474,0.6762105263157895,1.4788293897882938,Defender
Ollie Watkins,4.605263157894737,60.0,4.0,Aston Villa,80.0,33.15789473684211,0.4144736842105264,2.412698412698412,Forward
Aaron Ramsdale,3.763157894736842,17.0,1.0,Arsenal,50.0,33.11578947368421,0.6623157894736842,1.5098537825810554,Goalkeeper
Trent Alexander-Arnold,4.105263157894737,290.0,2.0,Liverpool,80.0,32.8421052631579,0.41052631578947374,2.4358974358974357,Defender
Ben Mee,3.763157894736842,109.0,2.0,Brentford,50.0,32.73947368421052,0.6547894736842105,1.527208423760148,Defender
Cody Gakpo,4.090909090909091,297.0,4.0,Liverpool,75.0,32.72727272727273,0.43636363636363634,2.291666666666667,Forward
Kaoru Mitoma,3.6315789473684212,143.0,3.0,Brighton,65.0,32.32105263157895,0.4972469635627531,2.011073115127829,Midfielder
Phil Foden,3.736842105263158,353.0,3.0,Man City,75.0,32.136842105263156,0.4284912280701754,2.3337700622338686,Midfielder
Pervis Estupiñán,3.5555555555555554,131.0,2.0,Brighton,50.0,31.644444444444446,0.632888888888889,1.5800561797752808,Defender
Son Heung-min,4.0,516.0,3.0,Spurs,90.0,30.8,0.3422222222222222,2.9220779220779223,Midfielder
Mathias Jensen,3.473684210526316,106.0,3.0,Brentford,55.0,30.221052631578946,0.5494736842105263,1.8199233716475096,Midfielder
Miguel Almirón Rejala,4.157894736842105,402.0,3.0,Newcastle,65.0,29.521052631578947,0.45417004048582993,2.201818505972544,Midfielder
Alexis Mac Allister,3.6842105263157894,304.0,3.0,Liverpool,60.0,29.473684210526315,0.49122807017543857,2.035714285714286,Midfielder
Nick Pope,4.131578947368421,424.0,1.0,Newcastle,55.0,29.33421052631579,0.5333492822966507,1.8749439311025389,Goalkeeper
Callum Wilson,4.131578947368421,433.0,4.0,Newcastle,80.0,29.33421052631579,0.3666776315789474,2.7271911725127835,Forward
Gabriel Fernando de Jesus,3.289473684210526,8.0,4.0,Arsenal,80.0,28.947368421052634,0.3618421052631579,2.7636363636363637,Forward
Riyad Mahrez,3.3157894736842106,359.0,3.0,Man City,75.0,28.51578947368421,0.3802105263157895,2.6301218161683275,Midfielder
José Malheiro de Sá,3.8947368421052633,569.0,1.0,Wolves,50.0,28.431578947368422,0.5686315789473685,1.7586079229914844,Goalkeeper
Michael Olise,3.473684210526316,236.0,3.0,Crystal Palace,60.0,28.136842105263156,0.4689473684210526,2.132435465768799,Midfielder
Kepa Arrizabalaga,3.1052631578947367,187.0,1.0,Chelsea,50.0,27.63684210526316,0.5527368421052632,1.80917920396115,Goalkeeper
Ederson Santana de Moraes,3.1842105263157894,352.0,1.0,Man City,55.0,27.384210526315787,0.4978947368421052,2.0084566596194504,Goalkeeper
Jack Grealish,3.1842105263157894,354.0,3.0,Man City,75.0,27.384210526315787,0.36512280701754385,2.738804535844705,Midfielder
James Maddison,3.5526315789473686,504.0,3.0,Spurs,75.0,27.35526315789474,0.3647368421052632,2.7417027417027415,Midfielder
William Saliba,3.0789473684210527,20.0,2.0,Arsenal,50.0,27.094736842105267,0.5418947368421053,1.845376845376845,Defender
Douglas Luiz Soares de Paulo,3.736842105263158,43.0,3.0,Aston Villa,55.0,26.905263157894737,0.4891866028708134,2.0442097026604067,Midfielder
Declan Rice,3.0526315789473686,540.0,3.0,Arsenal,55.0,26.863157894736847,0.48842105263157903,2.047413793103448,Midfielder
Dwight McNeil,3.3157894736842106,259.0,3.0,Everton,55.0,26.857894736842105,0.48832535885167466,2.0478150107779736,Midfielder
Alex Iwobi,3.3157894736842106,256.0,3.0,Everton,55.0,26.857894736842105,0.48832535885167466,2.0478150107779736,Midfielder
Luke Shaw,3.263157894736842,398.0,2.0,Man Utd,55.0,26.757894736842104,0.4865071770334928,2.0554681353265147,Defender
Virgil van Dijk,3.3421052631578947,313.0,2.0,Liverpool,60.0,26.736842105263158,0.4456140350877193,2.2440944881889764,Defender
Pedro Porro,3.4705882352941178,506.0,2.0,Spurs,50.0,26.72352941176471,0.5344705882352941,1.8710103455866167,Defender
Morgan Gibbs-White,3.8157894736842106,447.0,3.0,Nott'm Forest,60.0,26.710526315789473,0.4451754385964912,2.2463054187192117,Midfielder
Bernd Leno,3.736842105263158,275.0,1.0,Fulham,45.0,26.53157894736842,0.5895906432748538,1.6960920452291213,Goalkeeper
Jordan Pickford,3.263157894736842,263.0,1.0,Everton,45.0,26.43157894736842,0.5873684210526315,1.702508960573477,Goalkeeper
Jarrod Bowen,3.8157894736842106,526.0,3.0,West Ham,70.0,26.328947368421055,0.3761278195488722,2.658670664667666,Midfielder
Lewis Dunk,2.9473684210526314,129.0,2.0,Brighton,50.0,26.23157894736842,0.5246315789473683,1.9060995184590692,Defender
Fabian Schär,3.6578947368421053,427.0,2.0,Newcastle,50.0,25.971052631578946,0.5194210526315789,1.9252203870706255,Defender
Alexandre Moreno Lopera,3.6,32.0,2.0,Aston Villa,50.0,25.92,0.5184000000000001,1.929012345679012,Defender
Rico Henry,2.9473684210526314,103.0,2.0,Brentford,45.0,25.64210526315789,0.5698245614035087,1.7549261083743846,Defender
Ethan Pinnock,2.9473684210526314,112.0,2.0,Brentford,45.0,25.64210526315789,0.5698245614035087,1.7549261083743846,Defender
Jacob Ramsey,3.5526315789473686,55.0,3.0,Aston Villa,60.0,25.578947368421055,0.42631578947368426,2.3456790123456788,Midfielder
Emiliano Martínez Romero,3.5526315789473686,49.0,1.0,Aston Villa,50.0,25.578947368421055,0.5115789473684211,1.9547325102880655,Goalkeeper
Andrew Robertson,3.1842105263157894,307.0,2.0,Liverpool,65.0,25.473684210526315,0.39190283400809717,2.5516528925619832,Defender
Yoane Wissa,2.9210526315789473,119.0,4.0,Brentford,60.0,25.41315789473684,0.42355263157894735,2.360981671326499,Forward
Dominic Solanke,3.4210526315789473,85.0,4.0,Bournemouth,65.0,25.315789473684212,0.38947368421052636,2.567567567567567,Forward
Willian Borges da Silva,3.515151515151515,591.0,3.0,Fulham,55.0,24.957575757575757,0.45377410468319557,2.2037396794560467,Midfielder
Tyrone Mings,3.4210526315789473,51.0,2.0,Aston Villa,45.0,24.63157894736842,0.5473684210526316,1.8269230769230769,Defender
Philip Billing,3.3157894736842106,63.0,3.0,Bournemouth,55.0,24.53684210526316,0.4461244019138756,2.2415272415272414,Midfielder
Rodrigo Hernandez,2.8421052631578947,365.0,3.0,Man City,55.0,24.44210526315789,0.444401913875598,2.250215331610681,Midfielder
Pierre-Emile Højbjerg,3.1578947368421053,499.0,3.0,Spurs,55.0,24.315789473684212,0.4421052631578948,2.261904761904762,Midfielder
Sven Botman,3.3947368421052633,405.0,2.0,Newcastle,45.0,24.102631578947367,0.5356140350877193,1.8670160497870947,Defender
Dan Burn,3.3947368421052633,407.0,2.0,Newcastle,45.0,24.102631578947367,0.5356140350877193,1.8670160497870947,Defender
Bernardo Veiga de Carvalho e Silva,2.789473684210526,344.0,3.0,Man City,65.0,23.989473684210523,0.36906882591093115,2.709521720052655,Midfielder
Raheem Sterling,2.6578947368421053,216.0,3.0,Chelsea,70.0,23.655263157894737,0.3379323308270677,2.9591723217265544,Midfielder
Kai Havertz,2.6842105263157894,6.0,3.0,Arsenal,75.0,23.621052631578948,0.31494736842105264,3.175133689839572,Midfielder
Julián Álvarez,2.710526315789474,343.0,4.0,Man City,65.0,23.310526315789474,0.35862348178137654,2.788439828403703,Forward
Lukasz Fabianski,3.3421052631578947,533.0,1.0,West Ham,45.0,23.060526315789474,0.5124561403508772,1.9513865114686753,Goalkeeper
Andreas Hoelgebaum Pereira,3.236842105263158,267.0,3.0,Fulham,55.0,22.98157894736842,0.4178468899521531,2.393221115309745,Midfielder
Joe Willock,3.236842105263158,432.0,3.0,Newcastle,55.0,22.98157894736842,0.4178468899521531,2.393221115309745,Midfielder
Oleksandr Zinchenko,2.6052631578947367,31.0,2.0,Arsenal,50.0,22.926315789473684,0.45852631578947367,2.1808999081726355,Defender
Jadon Sancho,2.763157894736842,397.0,3.0,Man Utd,70.0,22.657894736842103,0.32368421052631574,3.0894308943089435,Midfielder
James Tarkowski,2.789473684210526,265.0,2.0,Everton,45.0,22.59473684210526,0.5021052631578946,1.9916142557651997,Defender
Brennan Johnson,3.210526315789474,450.0,3.0,Nott'm Forest,60.0,22.47368421052632,0.374561403508772,2.6697892271662758,Midfielder
Joël Veltman,2.5,151.0,2.0,Brighton,45.0,22.25,0.49444444444444446,2.0224719101123596,Defender
Christian Eriksen,2.710526315789474,379.0,3.0,Man Utd,60.0,22.226315789473684,0.37043859649122807,2.6995027231825715,Midfielder
Jordan Ayew,2.736842105263158,221.0,3.0,Crystal Palace,55.0,22.16842105263158,0.4030622009569378,2.4810066476733144,Midfielder
Emiliano Buendía Stati,3.0789473684210527,35.0,3.0,Aston Villa,60.0,22.16842105263158,0.36947368421052634,2.7065527065527064,Midfielder
Diogo Dalot Teixeira,2.6842105263157894,377.0,2.0,Man Utd,50.0,22.01052631578947,0.4402105263157894,2.2716403634624585,Defender
Jefferson Lerma Solís,2.6578947368421053,231.0,3.0,Crystal Palace,50.0,21.52894736842105,0.430578947368421,2.3224544676689893,Midfielder
Joelinton Cássio Apolinário de Lira,3.026315789473684,416.0,3.0,Newcastle,60.0,21.486842105263158,0.3581140350877193,2.7924066135946113,Midfielder
Manuel Akanji,2.484848484848485,341.0,2.0,Man City,50.0,21.369696969696967,0.4273939393939393,2.3397617697107207,Defender
Danny Welbeck,2.3947368421052633,154.0,4.0,Brighton,60.0,21.313157894736843,0.35521929824561405,2.8151623657241633,Forward
Vicente Guaita,2.6052631578947367,227.0,1.0,Crystal Palace,45.0,21.102631578947367,0.4689473684210526,2.132435465768799,Goalkeeper
Darwin Núñez Ribeiro,2.6315789473684212,293.0,4.0,Liverpool,75.0,21.05263157894737,0.28070175438596495,3.5624999999999996,Forward
John Stones,2.4473684210526314,368.0,2.0,Man City,55.0,21.047368421052628,0.3826794258373205,2.613153288322081,Defender
Max Kilman,2.8684210526315788,563.0,2.0,Wolves,45.0,20.939473684210526,0.4653216374269006,2.1490511499308784,Defender
Ezri Konsa Ngoyo,2.8947368421052633,48.0,2.0,Aston Villa,45.0,20.842105263157897,0.46315789473684216,2.1590909090909087,Defender
Nathan Aké,2.4210526315789473,342.0,2.0,Man City,50.0,20.821052631578947,0.41642105263157897,2.4014155712841254,Defender
Enzo Fernández,2.3333333333333335,199.0,3.0,Chelsea,50.0,20.76666666666667,0.4153333333333334,2.407704654895666,Midfielder
Carlos Henrique Casimiro,2.4857142857142858,376.0,3.0,Man Utd,55.0,20.38285714285714,0.37059740259740254,2.6983459489767316,Midfielder
Antony Matheus dos Santos,2.484848484848485,372.0,3.0,Man Utd,70.0,20.375757575757575,0.29108225108225105,3.43545508625818,Midfielder
Alexander Isak,2.857142857142857,415.0,4.0,Newcastle,75.0,20.285714285714285,0.2704761904761905,3.697183098591549,Forward
Marc Guéhi,2.5,228.0,2.0,Crystal Palace,45.0,20.25,0.45,2.2222222222222223,Defender
Aleksandar Mitrović,2.8157894736842106,278.0,4.0,Fulham,75.0,19.992105263157896,0.26656140350877194,3.7514808477030406,Forward
Bruno Guimarães Rodriguez Moura,2.8157894736842106,406.0,3.0,Newcastle,60.0,19.992105263157896,0.33320175438596494,3.0011846781624323,Midfielder
Harrison Reed,2.8157894736842106,282.0,3.0,Fulham,50.0,19.992105263157896,0.39984210526315794,2.5009872318020268,Midfielder
Thomas Partey,2.263157894736842,15.0,3.0,Arsenal,50.0,19.91578947368421,0.3983157894736842,2.5105708245243132,Midfielder
Lucas Tolentino Coelho de Lima,2.8823529411764706,539.0,3.0,West Ham,60.0,19.88823529411765,0.33147058823529413,3.0168589174800355,Midfielder
Tyrick Mitchell,2.4473684210526314,234.0,2.0,Crystal Palace,45.0,19.823684210526313,0.4405263157894736,2.2700119474313025,Defender
Vitaly Janelt,2.236842105263158,105.0,3.0,Brentford,55.0,19.460526315789473,0.3538277511961722,2.8262339418526032,Midfielder
Dejan Kulusevski,2.526315789473684,501.0,3.0,Spurs,70.0,19.45263157894737,0.27789473684210525,3.5984848484848486,Midfielder
Eric Dier,2.526315789473684,496.0,2.0,Spurs,45.0,19.45263157894737,0.432280701754386,2.313311688311688,Defender
Demarai Gray,2.3947368421052633,253.0,3.0,Everton,55.0,19.397368421052633,0.3526794258373206,2.835436168769502,Midfielder
Saïd Benrahma,2.789473684210526,525.0,3.0,West Ham,60.0,19.24736842105263,0.3207894736842105,3.1173092698933553,Midfielder
Robert Sánchez,2.1578947368421053,145.0,1.0,Brighton,45.0,19.205263157894738,0.42678362573099415,2.3431077007399286,Goalkeeper
Dango Ouattara,2.5789473684210527,78.0,3.0,Bournemouth,50.0,19.08421052631579,0.3816842105263158,2.619966905681191,Midfielder
Ivan Perišić,2.473684210526316,507.0,2.0,Spurs,50.0,19.04736842105263,0.38094736842105265,2.6250345399281567,Defender
Jeffrey Schlupp,2.3421052631578947,240.0,3.0,Crystal Palace,50.0,18.971052631578946,0.37942105263157894,2.6355943958940213,Midfielder
Leon Bailey,2.6315789473684212,34.0,3.0,Aston Villa,55.0,18.947368421052634,0.3444976076555024,2.9027777777777777,Midfielder
Thiago Emiliano da Silva,2.1052631578947367,217.0,2.0,Chelsea,50.0,18.736842105263158,0.37473684210526315,2.668539325842697,Defender
Norberto Murara Neto,2.5135135135135136,77.0,1.0,Bournemouth,45.0,18.6,0.4133333333333334,2.419354838709677,Goalkeeper
Josh Dasilva,2.1315789473684212,99.0,3.0,Brentford,50.0,18.544736842105262,0.3708947368421052,2.6961827728111256,Midfielder
Ashley Young,2.289473684210526,588.0,2.0,Everton,45.0,18.544736842105262,0.4121052631578947,2.426564495530013,Defender
Moisés Caicedo Corozo,2.0789473684210527,126.0,3.0,Brighton,50.0,18.50263157894737,0.3700526315789474,2.7023183046508317,Midfielder
Taiwo Awoniyi,2.6315789473684212,437.0,4.0,Nott'm Forest,65.0,18.42105263157895,0.2834008097165992,3.5285714285714285,Forward
Tim Ream,2.5789473684210527,281.0,2.0,Fulham,45.0,18.310526315789474,0.40690058479532165,2.4576027594136245,Defender
Marcus Tavernier,2.473684210526316,86.0,3.0,Bournemouth,55.0,18.30526315789474,0.3328229665071771,3.0046003450258767,Midfielder
Rúben Gato Alves Dias,2.1052631578947367,350.0,2.0,Man City,55.0,18.105263157894736,0.32918660287081336,3.037790697674419,Defender
Hugo Lloris,2.3421052631578947,502.0,1.0,Spurs,50.0,18.03421052631579,0.3606842105263158,2.772508390485919,Goalkeeper
Jorge Luiz Frello Filho,2.0256410256410255,9.0,3.0,Arsenal,55.0,17.825641025641026,0.3241025641025641,3.0854430379746836,Midfielder
Mason Mount,2.1578947368421053,209.0,3.0,Man Utd,70.0,17.69473684210526,0.252781954887218,3.9559785841760866,Midfielder
Dean Henderson,2.1578947368421053,385.0,1.0,Man Utd,45.0,17.69473684210526,0.3932163742690058,2.543129089827484,Goalkeeper
Danilo dos Santos de Oliveira,2.526315789473684,442.0,3.0,Nott'm Forest,55.0,17.684210526315788,0.3215311004784689,3.110119047619048,Midfielder
Daniel Castelo Podence,2.4210526315789473,568.0,3.0,Wolves,55.0,17.673684210526314,0.32133971291866026,3.111971411554497,Midfielder
Danny Ings,2.5526315789473686,535.0,4.0,West Ham,60.0,17.613157894736844,0.2935526315789474,3.4065441506051095,Forward
Adam Webster,1.9736842105263157,153.0,2.0,Brighton,45.0,17.56578947368421,0.3903508771929824,2.5617977528089892,Defender
Lisandro Martínez,2.1315789473684212,391.0,2.0,Man Utd,50.0,17.478947368421053,0.34957894736842104,2.8605841613971696,Defender
Odsonne Edouard,2.1578947368421053,225.0,4.0,Crystal Palace,55.0,17.478947368421053,0.31779904306220097,3.1466425775368863,Forward
Emerson Leite de Souza Junior,2.263157894736842,497.0,2.0,Spurs,45.0,17.426315789473684,0.38725146198830407,2.582301419510722,Defender
Sean Longstaff,2.4473684210526314,421.0,3.0,Newcastle,50.0,17.376315789473683,0.3475263157894737,2.8774799333636225,Midfielder
Antonee Robinson,2.4473684210526314,283.0,2.0,Fulham,45.0,17.376315789473683,0.38614035087719295,2.5897319400272605,Defender
Joachim Andersen,2.1052631578947367,220.0,2.0,Crystal Palace,45.0,17.052631578947366,0.3789473684210526,2.6388888888888893,Defender
John McGinn,2.3684210526315788,50.0,3.0,Aston Villa,55.0,17.052631578947366,0.31004784688995213,3.225308641975309,Midfielder
Amadou Onana,2.081081081081081,261.0,3.0,Everton,50.0,16.856756756756756,0.3371351351351351,2.9661696328362996,Midfielder
Diogo Teixeira da Silva,2.1052631578947367,294.0,3.0,Liverpool,80.0,16.842105263157894,0.21052631578947367,4.75,Midfielder
Kenny Tete,2.3684210526315788,285.0,2.0,Fulham,45.0,16.81578947368421,0.37368421052631573,2.6760563380281694,Defender
Bobby De Cordova-Reid,2.3684210526315788,270.0,3.0,Fulham,55.0,16.81578947368421,0.30574162679425837,3.270735524256651,Midfielder
Joel Ward,2.0526315789473686,242.0,2.0,Crystal Palace,45.0,16.626315789473686,0.36947368421052634,2.7065527065527064,Defender
Raphaël Varane,2.026315789473684,395.0,2.0,Man Utd,50.0,16.61578947368421,0.3323157894736842,3.0091859360152045,Defender
Evan Ferguson,1.8571428571428572,132.0,4.0,Brighton,60.0,16.52857142857143,0.2754761904761905,3.630077787381158,Forward
João Cancelo,1.9210526315789473,346.0,2.0,Man City,60.0,16.521052631578947,0.27535087719298246,3.6317298502707867,Defender
Ben Chilwell,1.8421052631578947,195.0,2.0,Chelsea,55.0,16.394736842105264,0.2980861244019139,3.354735152487961,Defender
Youri Tielemans,2.263157894736842,58.0,3.0,Aston Villa,60.0,16.294736842105262,0.27157894736842103,3.6821705426356592,Midfielder
Christian Nørgaard,1.868421052631579,110.0,3.0,Brentford,55.0,16.255263157894735,0.29555023923444973,3.3835195078517084,Midfielder
Matheus Luiz Nunes,2.2222222222222223,566.0,3.0,Wolves,50.0,16.22222222222222,0.3244444444444444,3.082191780821918,Midfielder
Abdoulaye Doucouré,2.0,249.0,3.0,Everton,55.0,16.2,0.29454545454545455,3.3950617283950617,Midfielder
Idrissa Gueye,2.0,254.0,3.0,Everton,50.0,16.2,0.324,3.0864197530864197,Midfielder
Benoît Badiashile,1.8181818181818181,191.0,2.0,Chelsea,45.0,16.181818181818183,0.35959595959595964,2.780898876404494,Defender
Vitalii Mykolenko,1.9736842105263157,260.0,2.0,Everton,45.0,15.986842105263156,0.3552631578947368,2.8148148148148153,Defender
Kurt Zouma,2.3157894736842106,544.0,2.0,West Ham,45.0,15.978947368421053,0.3550877192982456,2.816205533596838,Defender
Cheick Doucouré,1.9473684210526316,223.0,3.0,Crystal Palace,50.0,15.773684210526316,0.3154736842105263,3.1698365031698366,Midfielder
Kyle Walker,1.8157894736842106,369.0,2.0,Man City,50.0,15.615789473684211,0.3123157894736842,3.201887428378834,Defender
João Palhinha Gonçalves,2.1842105263157894,280.0,3.0,Fulham,50.0,15.507894736842104,0.3101578947368421,3.2241642626845413,Midfielder
Carlos Vinícius Alves Morais,2.1818181818181817,287.0,4.0,Fulham,50.0,15.490909090909089,0.30981818181818177,3.2276995305164324,Forward
Conor Gallagher,1.736842105263158,202.0,3.0,Chelsea,55.0,15.457894736842107,0.2810526315789474,3.5580524344569286,Midfielder
Serge Aurier,2.1875,436.0,2.0,Nott'm Forest,45.0,15.3125,0.3402777777777778,2.9387755102040813,Defender
Michail Antonio,2.210526315789474,523.0,4.0,West Ham,60.0,15.252631578947371,0.2542105263157895,3.933747412008281,Forward
Marc Cucurella Saseta,1.7105263157894737,198.0,2.0,Chelsea,50.0,15.223684210526317,0.30447368421052634,3.284356093344857,Defender
Jason Steele,1.7105263157894737,148.0,1.0,Brighton,45.0,15.223684210526317,0.3383040935672515,2.955920484010371,Goalkeeper
Issa Diop,2.0789473684210527,271.0,2.0,Fulham,45.0,14.760526315789473,0.32801169590643275,3.0486717775004455,Defender
Fabio Henrique Tavares,1.8421052631578947,296.0,3.0,Liverpool,50.0,14.736842105263158,0.29473684210526313,3.3928571428571432,Midfielder
Eddie Nketiah,1.6578947368421053,13.0,4.0,Arsenal,55.0,14.589473684210528,0.26526315789473687,3.7698412698412693,Forward
Jacob Murphy,2.0526315789473686,423.0,3.0,Newcastle,50.0,14.573684210526316,0.29147368421052633,3.4308414590104728,Midfielder
Jordan Henderson,1.8157894736842106,299.0,3.0,Liverpool,50.0,14.526315789473685,0.2905263157894737,3.442028985507246,Midfielder
Aaron Wan-Bissaka,1.763157894736842,401.0,2.0,Man Utd,45.0,14.457894736842103,0.3212865497076023,3.112486348744085,Defender
Aaron Hickey,1.6578947368421053,104.0,2.0,Brentford,45.0,14.423684210526314,0.32052631578947366,3.1198686371100166,Defender
Adam Smith,1.9473684210526316,84.0,2.0,Bournemouth,45.0,14.410526315789475,0.320233918128655,3.122717311906501,Defender
Nélson Cabral Semedo,1.9736842105263157,572.0,2.0,Wolves,45.0,14.407894736842104,0.3201754385964912,3.1232876712328768,Defender
Craig Dawson,1.9736842105263157,551.0,2.0,Wolves,45.0,14.407894736842104,0.3201754385964912,3.1232876712328768,Defender
Rodrigo Bentancur,1.868421052631579,492.0,3.0,Spurs,55.0,14.386842105263158,0.2615789473684211,3.822937625754527,Midfielder
Anthony Martial,1.736842105263158,390.0,4.0,Man Utd,65.0,14.242105263157894,0.21910931174089068,4.563932002956394,Forward
Marcos Senesi,1.864864864864865,83.0,2.0,Bournemouth,45.0,13.8,0.3066666666666667,3.260869565217391,Defender
Matheus Santos Carneiro Da Cunha,1.8571428571428572,590.0,4.0,Wolves,55.0,13.557142857142857,0.2464935064935065,4.056902002107481,Forward
Aaron Cresswell,1.9473684210526316,530.0,2.0,West Ham,45.0,13.436842105263159,0.2985964912280702,3.3490011750881314,Defender
Seamus Coleman,1.6578947368421053,247.0,2.0,Everton,45.0,13.428947368421053,0.298421052631579,3.350970017636684,Defender
Frederico Rodrigues de Paula Santos,1.631578947368421,381.0,3.0,Man Utd,50.0,13.378947368421052,0.267578947368421,3.7372147915027543,Midfielder
Tyrell Malacia,1.631578947368421,389.0,2.0,Man Utd,45.0,13.378947368421052,0.2973099415204678,3.3634933123524786,Defender
Cristian Romero,1.736842105263158,511.0,2.0,Spurs,45.0,13.373684210526317,0.2971929824561404,3.364817001180637,Defender
Julio Enciso,1.5,130.0,3.0,Brighton,55.0,13.350000000000001,0.24272727272727276,4.119850187265917,Midfielder
Luis Díaz,1.631578947368421,303.0,3.0,Liverpool,75.0,13.052631578947368,0.17403508771929824,5.745967741935484,Midfielder
Harvey Elliott,1.631578947368421,295.0,3.0,Liverpool,50.0,13.052631578947368,0.26105263157894737,3.8306451612903225,Midfielder
Pablo Fornals Malla,1.868421052631579,534.0,3.0,West Ham,50.0,12.892105263157896,0.25784210526315793,3.878342518881404,Midfielder
Noni Madueke,1.4444444444444444,208.0,3.0,Chelsea,55.0,12.855555555555556,0.23373737373737374,4.278305963699222,Midfielder
Thilo Kehrer,1.8611111111111112,537.0,2.0,West Ham,45.0,12.841666666666667,0.2853703703703704,3.5042180402336145,Defender
Mario Lemina,1.75,565.0,3.0,Wolves,50.0,12.775,0.2555,3.9138943248532287,Midfielder
Harry Wilson,1.7894736842105263,288.0,3.0,Fulham,55.0,12.705263157894736,0.23100478468899519,4.328914664457333,Midfielder
Anthony Gordon,1.7894736842105263,412.0,3.0,Newcastle,55.0,12.705263157894736,0.23100478468899519,4.328914664457333,Midfielder
Kevin Schade,1.45,115.0,3.0,Brentford,55.0,12.614999999999998,0.22936363636363633,4.3598890210067385,Midfielder
Ryan Christie,1.6842105263157894,65.0,3.0,Bournemouth,50.0,12.463157894736842,0.24926315789473683,4.011824324324325,Midfielder
Allan Saint-Maximin,1.736842105263158,426.0,3.0,Newcastle,60.0,12.33157894736842,0.20552631578947367,4.865556978233035,Midfielder
Victor Lindelöf,1.5,386.0,2.0,Man Utd,45.0,12.299999999999999,0.2733333333333333,3.658536585365854,Defender
Deniz Undav,1.368421052631579,149.0,4.0,Brighton,55.0,12.178947368421053,0.2214354066985646,4.515989628349179,Forward
Jakub Kiwior,1.368421052631579,10.0,2.0,Arsenal,45.0,12.042105263157897,0.2676023391812866,3.7368881118881108,Defender
Jaidon Anthony,1.605263157894737,62.0,3.0,Bournemouth,50.0,11.878947368421054,0.23757894736842108,4.209127159946831,Midfielder
Mykhailo Mudryk,1.3157894736842106,210.0,3.0,Chelsea,65.0,11.710526315789474,0.18016194331983806,5.550561797752809,Midfielder
Lloyd Kelly,1.5789473684210527,70.0,2.0,Bournemouth,45.0,11.68421052631579,0.2596491228070175,3.8513513513513518,Defender
Hwang Hee-chan,1.5789473684210527,557.0,3.0,Wolves,55.0,11.526315789473685,0.20956937799043063,4.771689497716895,Midfielder
Trevoh Chalobah,1.2894736842105263,194.0,2.0,Chelsea,45.0,11.476315789473684,0.2550292397660819,3.9211190094015134,Defender
Joe Worrall,1.605263157894737,469.0,2.0,Nott'm Forest,45.0,11.23684210526316,0.24970760233918132,4.004683840749414,Defender
Nathan Collins,1.2894736842105263,96.0,2.0,Brentford,45.0,11.218421052631578,0.24929824561403507,4.011259676284307,Defender
Mathias Jorgensen,1.2857142857142858,121.0,2.0,Brentford,45.0,11.185714285714285,0.24857142857142855,4.022988505747127,Defender
Kieffer Moore,1.5,76.0,4.0,Bournemouth,50.0,11.100000000000001,0.22200000000000003,4.504504504504504,Forward
Adam Lallana,1.236842105263158,138.0,3.0,Brighton,50.0,11.007894736842106,0.2201578947368421,4.542194597179058,Midfielder
Mads Roerslev Rasmussen,1.263157894736842,114.0,2.0,Brentford,45.0,10.989473684210525,0.24421052631578943,4.094827586206897,Defender
Curtis Jones,1.368421052631579,300.0,3.0,Liverpool,50.0,10.947368421052632,0.21894736842105264,4.5673076923076925,Midfielder
Richarlison de Andrade,1.4210526315789473,509.0,3.0,Spurs,70.0,10.942105263157895,0.1563157894736842,6.397306397306397,Midfielder
Matty Cash,1.5,36.0,2.0,Aston Villa,45.0,10.8,0.24000000000000002,4.166666666666666,Defender
Levi Colwill,1.2105263157894737,197.0,2.0,Chelsea,45.0,10.773684210526316,0.23941520467836258,4.176844162188568,Defender
César Azpilicueta,1.1842105263157894,189.0,2.0,Chelsea,45.0,10.539473684210526,0.23421052631578945,4.269662921348315,Defender
Nayef Aguerd,1.5263157894736843,522.0,2.0,West Ham,45.0,10.531578947368422,0.23403508771929826,4.272863568215891,Defender
Facundo Buonanotte,1.1818181818181819,125.0,3.0,Brighton,50.0,10.51818181818182,0.2103636363636364,4.753673292999135,Midfielder
Remo Freuler,1.5,446.0,3.0,Nott'm Forest,50.0,10.5,0.21,4.761904761904762,Midfielder
Pablo Sarabia,1.4210526315789473,570.0,3.0,Wolves,50.0,10.373684210526315,0.2074736842105263,4.819888381532217,Midfielder
Ibrahima Konaté,1.2894736842105263,302.0,2.0,Liverpool,50.0,10.31578947368421,0.2063157894736842,4.846938775510204,Defender
Reece James,1.1578947368421053,206.0,2.0,Chelsea,55.0,10.305263157894737,0.1873684210526316,5.337078651685393,Defender
Konstantinos Tsimikas,1.263157894736842,311.0,2.0,Liverpool,45.0,10.105263157894736,0.2245614035087719,4.453125000000001,Defender
Ben Davies,1.3026315789473684,495.0,2.0,Spurs,45.0,10.030263157894737,0.22289473684210526,4.48642266824085,Defender
Neco Williams,1.4210526315789473,467.0,2.0,Nott'm Forest,45.0,9.947368421052632,0.22105263157894736,4.523809523809524,Defender
Lewis Cook,1.3421052631578947,66.0,3.0,Bournemouth,50.0,9.931578947368422,0.19863157894736844,5.034446210916799,Midfielder
Tom Cairney,1.394736842105263,268.0,3.0,Fulham,50.0,9.902631578947368,0.19805263157894737,5.049162901939941,Midfielder
James Milner,1.105263157894737,142.0,3.0,Brighton,50.0,9.836842105263159,0.19673684210526318,5.082932049224183,Midfielder
Chris Wood,1.394736842105263,468.0,4.0,Nott'm Forest,50.0,9.76315789473684,0.1952631578947368,5.1212938005390845,Forward
Ryan Yates,1.394736842105263,470.0,3.0,Nott'm Forest,50.0,9.76315789473684,0.1952631578947368,5.1212938005390845,Midfielder
Reiss Nelson,1.105263157894737,578.0,3.0,Arsenal,50.0,9.726315789473686,0.1945263157894737,5.14069264069264,Midfielder
Felipe Augusto de Almeida Monteiro,1.3888888888888888,445.0,2.0,Nott'm Forest,45.0,9.722222222222221,0.21604938271604937,4.628571428571429,Defender
Lucas Digne,1.3157894736842106,42.0,2.0,Aston Villa,45.0,9.473684210526317,0.2105263157894737,4.75,Defender
Nathaniel Clyne,1.1578947368421053,222.0,2.0,Crystal Palace,45.0,9.378947368421052,0.20842105263157892,4.7979797979797985,Defender
Fábio Ferreira Vieira,1.0526315789473684,4.0,3.0,Arsenal,55.0,9.263157894736842,0.16842105263157894,5.9375,Midfielder
Orel Mangala,1.3157894736842106,453.0,3.0,Nott'm Forest,50.0,9.210526315789474,0.1842105263157895,5.428571428571428,Midfielder
Tosin Adarabioyo,1.2894736842105263,286.0,2.0,Fulham,45.0,9.155263157894737,0.20345029239766083,4.915205518827249,Defender
Christian Pulisic,1.0263157894736843,213.0,3.0,Chelsea,55.0,9.13421052631579,0.16607655502392346,6.021319504465572,Midfielder
Aymeric Laporte,1.0526315789473684,357.0,2.0,Man City,50.0,9.052631578947368,0.18105263157894735,5.523255813953488,Defender
Manor Solomon,1.1578947368421053,583.0,3.0,Spurs,55.0,8.91578947368421,0.16210526315789472,6.168831168831169,Midfielder
Jean-Philippe Mateta,1.0789473684210527,232.0,4.0,Crystal Palace,50.0,8.739473684210527,0.17478947368421052,5.721168322794339,Forward
Neal Maupay,1.0789473684210527,258.0,4.0,Everton,50.0,8.739473684210527,0.17478947368421052,5.721168322794339,Forward
Will Hughes,1.0789473684210527,229.0,3.0,Crystal Palace,50.0,8.739473684210527,0.17478947368421052,5.721168322794339,Midfielder
Oliver Skipp,1.131578947368421,515.0,3.0,Spurs,50.0,8.713157894736842,0.17426315789473684,5.738447598912715,Midfielder
Frank Onyeka,1.0,111.0,3.0,Brentford,50.0,8.7,0.174,5.74712643678161,Midfielder
Wesley Fofana,0.9736842105263158,201.0,2.0,Chelsea,45.0,8.66578947368421,0.19257309941520467,5.192833282720923,Defender
Jonathan Castro Otto,1.1842105263157894,560.0,2.0,Wolves,45.0,8.644736842105262,0.19210526315789472,5.205479452054795,Defender
Kieran Tierney,0.9736842105263158,24.0,2.0,Arsenal,45.0,8.56842105263158,0.19040935672514622,5.2518427518427515,Defender
Dominic Calvert-Lewin,1.0526315789473684,246.0,4.0,Everton,60.0,8.526315789473683,0.1421052631578947,7.037037037037038,Forward
João Victor Gomes da Silva,1.1666666666666667,559.0,3.0,Wolves,50.0,8.516666666666667,0.17033333333333334,5.870841487279844,Midfielder
Alejandro Garnacho,1.0263157894736843,382.0,3.0,Man Utd,50.0,8.41578947368421,0.1683157894736842,5.94121325828643,Midfielder
Harry Maguire,1.0263157894736843,387.0,2.0,Man Utd,45.0,8.41578947368421,0.1870175438596491,5.347091932457786,Defender
Chris Mepham,1.131578947368421,75.0,2.0,Bournemouth,45.0,8.373684210526315,0.18608187134502924,5.373978629792584,Defender
Boubacar Kamara,1.1578947368421053,47.0,3.0,Aston Villa,50.0,8.336842105263159,0.16673684210526318,5.9974747474747465,Midfielder
Michael Keane,1.0263157894736843,257.0,2.0,Everton,45.0,8.313157894736843,0.18473684210526317,5.413105413105413,Defender
Toti António Gomes,1.131578947368421,573.0,2.0,Wolves,45.0,8.260526315789473,0.1835672514619883,5.447594775406181,Defender
Fraser Forster,1.0526315789473684,498.0,1.0,Spurs,40.0,8.105263157894736,0.2026315789473684,4.935064935064935,Goalkeeper
Angelo Ogbonna,1.1578947368421053,577.0,2.0,West Ham,45.0,7.989473684210527,0.1775438596491228,5.632411067193676,Defender
Rayan Aït-Nouri,1.0789473684210527,545.0,2.0,Wolves,45.0,7.876315789473685,0.17502923976608187,5.713331105913799,Defender
Hugo Bueno López,1.0789473684210527,548.0,2.0,Wolves,45.0,7.876315789473685,0.17502923976608187,5.713331105913799,Defender
Scott McTominay,0.9473684210526315,392.0,3.0,Man Utd,50.0,7.768421052631578,0.15536842105263157,6.436314363143632,Midfielder
Mikkel Damsgaard,0.8918918918918919,98.0,3.0,Brentford,50.0,7.759459459459459,0.15518918918918917,6.443747823058168,Midfielder
Hakim Ziyech,0.868421052631579,218.0,3.0,Chelsea,55.0,7.7289473684210535,0.1405263157894737,7.116104868913857,Midfielder
Sam Johnstone,0.9473684210526315,230.0,1.0,Crystal Palace,45.0,7.673684210526315,0.17052631578947366,5.864197530864198,Goalkeeper
Wout Weghorst,1.1428571428571428,183.0,4.0,Burnley,55.0,7.657142857142857,0.13922077922077922,7.182835820895523,Forward
Emmanuel Dennis,1.0833333333333333,443.0,4.0,Nott'm Forest,50.0,7.583333333333333,0.15166666666666667,6.593406593406593,Forward
Joel Matip,0.9473684210526315,305.0,2.0,Liverpool,50.0,7.578947368421052,0.15157894736842104,6.597222222222223,Defender
Gianluca Scamacca,1.0789473684210527,541.0,4.0,West Ham,60.0,7.4447368421052635,0.12407894736842105,8.059384941675503,Forward
Takehiro Tomiyasu,0.8421052631578947,25.0,2.0,Arsenal,45.0,7.410526315789474,0.16467836257309942,6.072443181818182,Defender
Antoine Semenyo,1.0,82.0,4.0,Bournemouth,45.0,7.4,0.16444444444444445,6.081081081081081,Forward
Scott McKenna,1.0526315789473684,455.0,2.0,Nott'm Forest,45.0,7.368421052631579,0.16374269005847952,6.107142857142858,Defender
Pedro Lomba Neto,0.9736842105263158,567.0,3.0,Wolves,55.0,7.1078947368421055,0.12923444976076556,7.737874861162531,Midfielder
Ryan Sessegnon,0.9210526315789473,514.0,2.0,Spurs,45.0,7.092105263157895,0.15760233918128655,6.345083487940631,Defender
Emerson Palmieri dos Santos,1.0263157894736843,532.0,2.0,West Ham,45.0,7.081578947368422,0.1573684210526316,6.354515050167223,Defender
Leander Dendoncker,0.9736842105263158,40.0,3.0,Aston Villa,50.0,7.010526315789474,0.14021052631578948,7.132132132132131,Midfielder
Willy Boly,0.9736842105263158,439.0,2.0,Nott'm Forest,45.0,6.815789473684211,0.15146198830409358,6.602316602316602,Defender
Cheikhou Kouyaté,0.9722222222222222,451.0,3.0,Nott'm Forest,50.0,6.805555555555555,0.1361111111111111,7.346938775510205,Midfielder
Pierre-Emerick Aubameyang,0.7575757575757576,188.0,4.0,Chelsea,65.0,6.742424242424242,0.10372960372960373,9.640449438202248,Forward
Matt Doherty,0.9210526315789473,598.0,2.0,Wolves,45.0,6.723684210526315,0.14941520467836256,6.692759295499022,Defender
Shandon Baptiste,0.7631578947368421,92.0,3.0,Brentford,45.0,6.639473684210526,0.1475438596491228,6.777645659928656,Midfielder
Kristoffer Ajer,0.7631578947368421,90.0,2.0,Brentford,45.0,6.639473684210526,0.1475438596491228,6.777645659928656,Defender
Nathan Patterson,0.8157894736842105,262.0,2.0,Everton,45.0,6.607894736842105,0.14684210526315788,6.810035842293908,Defender
Rico Lewis,0.7631578947368421,358.0,2.0,Man City,45.0,6.563157894736842,0.14584795321637428,6.85645549318364,Defender
Ellis Simms,0.8095238095238095,264.0,4.0,Everton,45.0,6.557142857142857,0.1457142857142857,6.862745098039216,Forward
Matt Targett,0.9210526315789473,428.0,2.0,Newcastle,45.0,6.539473684210526,0.14532163742690057,6.881287726358149,Defender
Lewis Hall,0.7307692307692307,204.0,2.0,Chelsea,45.0,6.503846153846154,0.14452991452991454,6.9189828503843875,Defender
Joe Rothwell,0.868421052631579,81.0,3.0,Bournemouth,50.0,6.426315789473684,0.12852631578947368,7.78050778050778,Midfielder
Thiago Alcántara do Nascimento,0.7894736842105263,310.0,3.0,Liverpool,50.0,6.315789473684211,0.12631578947368421,7.916666666666666,Midfielder
Philippe Coutinho Correia,0.8421052631578947,38.0,3.0,Aston Villa,60.0,6.063157894736842,0.10105263157894737,9.895833333333334,Midfielder
Hamed Traorè,0.7777777777777778,87.0,3.0,Bournemouth,50.0,5.7555555555555555,0.11511111111111111,8.687258687258687,Midfielder
Gonçalo Manuel Ganchinho Guedes,0.7837837837837838,554.0,3.0,Wolves,55.0,5.721621621621622,0.10402948402948403,9.6126594237128,Midfielder
Davinson Sánchez,0.7368421052631579,512.0,2.0,Spurs,45.0,5.673684210526315,0.12608187134502924,7.9313543599257885,Defender
Elliot Anderson,0.7894736842105263,403.0,3.0,Newcastle,45.0,5.605263157894736,0.12456140350877191,8.028169014084508,Midfielder
Raúl Jiménez,0.7631578947368421,558.0,4.0,Wolves,55.0,5.571052631578947,0.10129186602870813,9.872461029759094,Forward
Harry Toffolo,0.7894736842105263,465.0,2.0,Nott'm Forest,45.0,5.526315789473684,0.12280701754385964,8.142857142857144,Defender
Yves Bissouma,0.7105263157894737,493.0,3.0,Spurs,50.0,5.471052631578948,0.10942105263157895,9.13900913900914,Midfielder
Albert Sambi Lokonga,0.6216216216216216,21.0,3.0,Arsenal,50.0,5.47027027027027,0.1094054054054054,9.140316205533598,Midfielder
Mark Travers,0.7368421052631579,88.0,1.0,Bournemouth,40.0,5.4526315789473685,0.13631578947368422,7.3359073359073355,Goalkeeper
Tariq Lamptey,0.6052631578947368,139.0,2.0,Brighton,40.0,5.386842105263158,0.13467105263157894,7.425500732779678,Defender
James Garner,0.6578947368421053,250.0,3.0,Everton,50.0,5.328947368421053,0.10657894736842106,9.382716049382715,Midfielder
Ben Johnson,0.7631578947368421,536.0,2.0,West Ham,45.0,5.265789473684211,0.11701754385964913,8.545727136431783,Defender
Stefan Ortega Moreno,0.6052631578947368,361.0,1.0,Man City,40.0,5.205263157894737,0.13013157894736843,7.6845298281092,Goalkeeper
Sergio Gómez,0.5833333333333334,366.0,2.0,Man City,40.0,5.016666666666667,0.12541666666666668,7.973421926910299,Defender
Anthony Elanga,0.6052631578947368,378.0,3.0,Man Utd,50.0,4.963157894736842,0.09926315789473683,10.074231177094381,Midfielder
Armando Broja,0.5526315789473685,193.0,4.0,Chelsea,50.0,4.9184210526315795,0.09836842105263159,10.165864098448367,Forward
Billy Gilmour,0.5526315789473685,133.0,3.0,Brighton,50.0,4.9184210526315795,0.09836842105263159,10.165864098448367,Midfielder
Flynn Downes,0.7105263157894737,531.0,3.0,West Ham,50.0,4.902631578947369,0.09805263157894738,10.198604401502951,Midfielder
Rob Holding,0.5526315789473685,7.0,2.0,Arsenal,45.0,4.863157894736843,0.10807017543859651,9.253246753246751,Defender
Sam Surridge,0.6842105263157895,464.0,4.0,Nott'm Forest,45.0,4.7894736842105265,0.1064327485380117,9.395604395604396,Forward
Stefan Bajcetic,0.5789473684210527,292.0,3.0,Liverpool,50.0,4.631578947368421,0.09263157894736843,10.795454545454545,Midfielder
Moussa Niakhaté,0.6578947368421053,457.0,2.0,Nott'm Forest,45.0,4.605263157894737,0.10233918128654972,9.77142857142857,Defender
Jhon Durán,0.6111111111111112,44.0,4.0,Aston Villa,50.0,4.4,0.08800000000000001,11.363636363636363,Forward
Cole Palmer,0.5,362.0,3.0,Man City,50.0,4.3,0.086,11.627906976744187,Midfielder
Carney Chukwuemeka,0.47368421052631576,196.0,3.0,Chelsea,45.0,4.21578947368421,0.09368421052631579,10.674157303370787,Midfielder
Emile Smith Rowe,0.47368421052631576,22.0,3.0,Arsenal,55.0,4.1684210526315795,0.07578947368421053,13.194444444444443,Midfielder
Lewis O'Brien,0.5789473684210527,458.0,3.0,Nott'm Forest,50.0,4.052631578947368,0.08105263157894736,12.337662337662339,Midfielder
Ben Godfrey,0.47368421052631576,252.0,2.0,Everton,45.0,3.8368421052631576,0.08526315789473683,11.728395061728396,Defender
Bertrand Traoré,0.5263157894736842,59.0,3.0,Aston Villa,50.0,3.789473684210526,0.07578947368421052,13.194444444444446,Midfielder
Jeremy Sarmiento Morante,0.42105263157894735,146.0,3.0,Brighton,45.0,3.7473684210526317,0.0832748538011696,12.008426966292134,Midfielder
Steve Cook,0.5263157894736842,441.0,2.0,Nott'm Forest,45.0,3.6842105263157894,0.08187134502923976,12.214285714285715,Defender
Mason Holgate,0.42105263157894735,255.0,2.0,Everton,40.0,3.410526315789473,0.08526315789473683,11.728395061728396,Defender
Keane Lewis-Potter,0.3684210526315789,107.0,3.0,Brentford,50.0,3.2052631578947364,0.06410526315789472,15.599343185550087,Midfielder
Boubacar Traoré,0.4375,574.0,3.0,Wolves,45.0,3.19375,0.07097222222222223,14.090019569471623,Midfielder
Kalvin Phillips,0.3684210526315789,364.0,3.0,Man City,50.0,3.1684210526315786,0.06336842105263157,15.780730897009969,Midfielder
Naouirou Ahamada,0.3888888888888889,219.0,3.0,Crystal Palace,45.0,3.15,0.06999999999999999,14.285714285714286,Midfielder
Jonjo Shelvey,0.42105263157894735,463.0,3.0,Nott'm Forest,50.0,2.9473684210526314,0.05894736842105263,16.964285714285715,Midfielder
Illia Zabarnyi,0.3888888888888889,89.0,2.0,Bournemouth,45.0,2.8777777777777778,0.06395061728395061,15.637065637065637,Defender
Shea Charles,0.3333333333333333,348.0,3.0,Man City,45.0,2.8666666666666663,0.06370370370370369,15.697674418604654,Midfielder
Pape Matar Sarr,0.3684210526315789,513.0,3.0,Spurs,45.0,2.8368421052631576,0.06304093567251462,15.862708719851577,Midfielder
Chris Richards,0.34210526315789475,238.0,2.0,Crystal Palace,40.0,2.7710526315789474,0.06927631578947369,14.434947768281102,Defender
Maxwel Cornet,0.3783783783783784,527.0,3.0,West Ham,55.0,2.6108108108108112,0.047469287469287476,21.066252587991716,Midfielder
Calum Chambers,0.34210526315789475,37.0,2.0,Aston Villa,40.0,2.463157894736842,0.06157894736842105,16.23931623931624,Defender
Cédric Alves Soares,0.2777777777777778,2.0,2.0,Arsenal,40.0,2.4444444444444446,0.061111111111111116,16.363636363636363,Defender
Daniel Bentley,0.3333333333333333,546.0,1.0,Wolves,40.0,2.433333333333333,0.06083333333333333,16.438356164383563,Goalkeeper
Ryan Fredericks,0.3157894736842105,68.0,2.0,Bournemouth,45.0,2.336842105263158,0.05192982456140351,19.256756756756754,Defender
Martin Dubravka,0.2972972972972973,409.0,1.0,Newcastle,40.0,2.110810810810811,0.05277027027027027,18.950064020486554,Goalkeeper
Ryan Fraser,0.2894736842105263,410.0,3.0,Newcastle,50.0,2.055263157894737,0.041105263157894735,24.327784891165173,Midfielder
Robin Olsen,0.2631578947368421,53.0,1.0,Aston Villa,40.0,1.894736842105263,0.047368421052631574,21.111111111111114,Goalkeeper
Bryan Gil Salvatierra,0.23684210526315788,494.0,3.0,Spurs,50.0,1.8236842105263158,0.03647368421052632,27.417027417027416,Midfielder
Ben Pearson,0.23684210526315788,79.0,3.0,Bournemouth,45.0,1.7526315789473683,0.038947368421052626,25.67567567567568,Midfielder
Donny van de Beek,0.21052631578947367,400.0,3.0,Man Utd,50.0,1.726315789473684,0.03452631578947368,28.963414634146343,Midfielder
James Tomkins,0.21052631578947367,241.0,2.0,Crystal Palace,40.0,1.7052631578947366,0.042631578947368416,23.45679012345679,Defender
Gustavo Henrique Furtado Scarpa,0.23809523809523808,462.0,3.0,Nott'm Forest,45.0,1.6666666666666665,0.037037037037037035,27.0,Midfielder
Wayne Hennessey,0.21052631578947367,448.0,1.0,Nott'm Forest,40.0,1.4736842105263157,0.03684210526315789,27.142857142857146,Goalkeeper
Jan Paul van Hecke,0.15789473684210525,150.0,2.0,Brighton,40.0,1.4052631578947368,0.035131578947368416,28.464419475655433,Defender
Yasin Ayari,0.15789473684210525,124.0,3.0,Brighton,45.0,1.4052631578947368,0.031228070175438594,32.02247191011236,Midfielder
Mohamed Elneny,0.15789473684210525,3.0,3.0,Arsenal,45.0,1.3894736842105264,0.030877192982456142,32.38636363636363,Midfielder
Matt Ritchie,0.18421052631578946,425.0,3.0,Newcastle,45.0,1.3078947368421052,0.029064327485380115,34.40643863179075,Midfielder
Kevin Mbabu,0.18421052631578946,277.0,2.0,Fulham,40.0,1.3078947368421052,0.03269736842105263,30.583501006036222,Defender
Marek Rodák,0.18421052631578946,284.0,1.0,Fulham,40.0,1.3078947368421052,0.03269736842105263,30.583501006036222,Goalkeeper
Jairo Riedewald,0.15789473684210525,239.0,3.0,Crystal Palace,45.0,1.2789473684210526,0.028421052631578948,35.18518518518518,Midfielder
Alphonse Areola,0.18421052631578946,524.0,1.0,West Ham,40.0,1.2710526315789474,0.03177631578947369,31.46997929606625,Goalkeeper
David Datro Fofana,0.13636363636363635,200.0,4.0,Chelsea,50.0,1.2136363636363636,0.024272727272727272,41.19850187265918,Forward
Siriki Dembélé,0.15789473684210525,67.0,3.0,Bournemouth,45.0,1.168421052631579,0.025964912280701757,38.51351351351351,Midfielder
Sergi Canós Tenés,0.13157894736842105,95.0,3.0,Brentford,50.0,1.144736842105263,0.02289473684210526,43.67816091954024,Midfielder
Cameron Archer,0.15789473684210525,33.0,4.0,Aston Villa,45.0,1.1368421052631579,0.02526315789473684,39.583333333333336,Forward
David Brooks,0.13157894736842105,64.0,3.0,Bournemouth,50.0,0.9736842105263158,0.019473684210526317,51.35135135135135,Midfielder
Mads Bech Sørensen,0.10526315789473684,93.0,2.0,Brentford,40.0,0.9157894736842104,0.02289473684210526,43.67816091954024,Defender
Halil Dervişoğlu,0.10526315789473684,100.0,4.0,Brentford,45.0,0.9157894736842104,0.020350877192982453,49.13793103448277,Forward
Divin Mubama,0.13043478260869565,538.0,4.0,West Ham,45.0,0.9,0.02,50.0,Forward
Facundo Pellistri Rebollo,0.10526315789473684,394.0,3.0,Man Utd,45.0,0.863157894736842,0.0191812865497076,52.13414634146342,Midfielder
Djed Spence,0.10526315789473684,517.0,2.0,Spurs,40.0,0.8105263157894737,0.02026315789473684,49.350649350649356,Defender
Japhet Tanganga,0.10526315789473684,518.0,2.0,Spurs,40.0,0.8105263157894737,0.02026315789473684,49.350649350649356,Defender
Diego Carlos Santos Silva,0.10526315789473684,41.0,2.0,Aston Villa,45.0,0.7578947368421053,0.016842105263157894,59.375,Defender
Javier Manquillo Gaitán,0.10526315789473684,422.0,2.0,Newcastle,40.0,0.7473684210526315,0.018684210526315786,53.52112676056339,Defender
Malcolm Ebiowei,0.07894736842105263,224.0,3.0,Crystal Palace,45.0,0.6394736842105263,0.014210526315789474,70.37037037037037,Midfielder
Nathaniel Phillips,0.07894736842105263,306.0,2.0,Liverpool,40.0,0.631578947368421,0.015789473684210527,63.33333333333333,Defender
Jamaal Lascelles,0.07894736842105263,419.0,2.0,Newcastle,40.0,0.5605263157894737,0.014013157894736842,71.36150234741784,Defender
Máximo Perrone,0.05555555555555555,363.0,3.0,Man City,45.0,0.47777777777777775,0.010617283950617283,94.18604651162792,Midfielder
Dele Alli,0.05263157894736842,248.0,3.0,Everton,50.0,0.42631578947368415,0.008526315789473682,117.28395061728398,Midfielder
Caoimhin Kelleher,0.05263157894736842,301.0,1.0,Liverpool,40.0,0.42105263157894735,0.010526315789473684,95.0,Goalkeeper
Jamal Lowe,0.05263157894736842,73.0,3.0,Bournemouth,50.0,0.3894736842105263,0.007789473684210526,128.3783783783784,Midfielder
Morgan Sanson,0.05263157894736842,56.0,3.0,Aston Villa,45.0,0.37894736842105264,0.008421052631578947,118.75,Midfielder
Jamal Lewis,0.05263157894736842,420.0,2.0,Newcastle,40.0,0.37368421052631573,0.009342105263157893,107.04225352112678,Defender
Giulian Biancone,0.05263157894736842,438.0,2.0,Nott'm Forest,40.0,0.3684210526315789,0.009210526315789473,108.57142857142858,Defender
Kobbie Mainoo,0.03333333333333333,388.0,3.0,Man Utd,45.0,0.2733333333333333,0.006074074074074074,164.63414634146343,Midfielder
Marcus Oliveira Alencar,0.02631578947368421,11.0,3.0,Arsenal,45.0,0.23157894736842105,0.005146198830409357,194.3181818181818,Midfielder
Sasa Kalajdzic,0.030303030303030304,562.0,4.0,Wolves,50.0,0.22121212121212122,0.004424242424242424,226.02739726027397,Forward
Emiliano Marcondes,0.02631578947368421,74.0,3.0,Bournemouth,45.0,0.19473684210526315,0.004327485380116959,231.0810810810811,Midfielder
Tyrese Francois,0.02631578947368421,272.0,3.0,Fulham,45.0,0.18684210526315786,0.004152046783625731,240.84507042253523,Midfielder
Emil Krafth,0.02631578947368421,417.0,2.0,Newcastle,45.0,0.18684210526315786,0.004152046783625731,240.84507042253523,Defender
Alex Mighten,0.02631578947368421,456.0,3.0,Nott'm Forest,45.0,0.18421052631578946,0.004093567251461988,244.2857142857143,Midfielder
Conor Coventry,0.02631578947368421,529.0,3.0,West Ham,45.0,0.18157894736842106,0.004035087719298246,247.82608695652175,Midfielder
Malang Sarr,0.0,214.0,2.0,Chelsea,45.0,0.0,0.0,inf,Defender
Brandon Williams,0.0,374.0,2.0,Man Utd,40.0,0.0,0.0,inf,Defender
Loïc Mbe Soh,0.0,454.0,2.0,Nott'm Forest,40.0,0.0,0.0,inf,Defender
Luke Plange,0.0,237.0,4.0,Crystal Palace,45.0,0.0,0.0,inf,Forward
Charlie Goode,0.0,102.0,2.0,Brentford,40.0,0.0,0.0,inf,Defender
Kortney Hause,0.0,45.0,2.0,Aston Villa,40.0,0.0,0.0,inf,Defender
Eric Bailly,0.0,375.0,2.0,Man Utd,40.0,0.0,0.0,inf,Defender
Shola Shoretire,0.0,399.0,4.0,Man Utd,45.0,0.0,0.0,inf,Forward
Jonathan Panzo,0.0,460.0,2.0,Nott'm Forest,40.0,0.0,0.0,inf,Defender
Keinan Davis,0.0,39.0,4.0,Aston Villa,50.0,0.0,0.0,inf,Forward
James Hill,0.0,69.0,2.0,Bournemouth,40.0,0.0,0.0,inf,Defender
Andy Lonergan,0.0,579.0,1.0,Everton,40.0,0.0,0.0,inf,Goalkeeper
Darren Randolph,0.0,80.0,1.0,Bournemouth,40.0,0.0,0.0,inf,Goalkeeper
Joe Rodon,0.0,510.0,2.0,Spurs,40.0,0.0,0.0,inf,Defender
Brandon Austin,0.0,491.0,1.0,Spurs,40.0,0.0,0.0,inf,Goalkeeper
Mohamed Dräger,0.0,444.0,2.0,Nott'm Forest,40.0,0.0,0.0,inf,Defender
Jarrad Branthwaite,0.0,245.0,2.0,Everton,40.0,0.0,0.0,inf,Defender
Harrison Ashby,0.0,404.0,2.0,Newcastle,40.0,0.0,0.0,inf,Defender
Rodrigo Muniz Carvalho,0.0,279.0,4.0,Fulham,45.0,0.0,0.0,inf,Forward
Ethan Ampadu,0.0,185.0,2.0,Chelsea,40.0,0.0,0.0,inf,Defender
Jeff Hendrick,0.0,414.0,3.0,Newcastle,45.0,0.0,0.0,inf,Midfielder
Yegor Yarmolyuk,0.0,120.0,3.0,Brentford,45.0,0.0,0.0,inf,Midfielder
Nuno Varela Tavares,0.0,23.0,2.0,Arsenal,40.0,0.0,0.0,inf,Defender
Loris Karius,0.0,580.0,1.0,Newcastle,40.0,0.0,0.0,inf,Goalkeeper
Marcus Bettinelli,0.0,192.0,1.0,Chelsea,40.0,0.0,0.0,inf,Goalkeeper
Tom Heaton,0.0,384.0,1.0,Man Utd,40.0,0.0,0.0,inf,Goalkeeper
Marvelous Nakamba,0.0,52.0,3.0,Luton,45.0,0.0,0.0,inf,Midfielder
Mark Gillespie,0.0,411.0,1.0,Newcastle,40.0,0.0,0.0,inf,Goalkeeper
Thomas Strakosha,0.0,116.0,1.0,Brentford,40.0,0.0,0.0,inf,Goalkeeper
Mads Bidstrup,0.0,94.0,3.0,Brentford,45.0,0.0,0.0,inf,Midfielder
Luke Cundle,0.0,550.0,3.0,Wolves,45.0,0.0,0.0,inf,Midfielder
Scott Carson,0.0,347.0,1.0,Man City,40.0,0.0,0.0,inf,Goalkeeper
Francisco Jorge Tomás Oliveira,0.0,549.0,3.0,Wolves,45.0,0.0,0.0,inf,Midfielder
Matija Šarkić,0.0,571.0,1.0,Wolves,40.0,0.0,0.0,inf,Goalkeeper
Matt Turner,0.0,28.0,1.0,Arsenal,40.0,0.0,0.0,inf,Goalkeeper
Garang Kuol,0.0,418.0,3.0,Newcastle,45.0,0.0,0.0,inf,Midfielder
Kacper Kozłowski,0.0,137.0,3.0,Brighton,45.0,0.0,0.0,inf,Midfielder
Harry Arter,0.0,435.0,3.0,Nott'm Forest,45.0,0.0,0.0,inf,Midfielder
Ivan Neves Abreu Cavaleiro,0.0,269.0,3.0,Fulham,50.0,0.0,0.0,inf,Midfielder
Remi Matthews,0.0,233.0,1.0,Crystal Palace,40.0,0.0,0.0,inf,Goalkeeper
Jaden Philogene-Bidace,0.0,54.0,3.0,Aston Villa,45.0,0.0,0.0,inf,Midfielder
Jakub Moder,0.0,144.0,3.0,Brighton,45.0,0.0,0.0,inf,Midfielder
James McAtee,0.0,360.0,3.0,Man City,45.0,0.0,0.0,inf,Midfielder
Matthew Cox,0.0,97.0,1.0,Brentford,40.0,0.0,0.0,inf,Goalkeeper
Kjell Scherpen,0.0,147.0,1.0,Brighton,40.0,0.0,0.0,inf,Goalkeeper
Callum Hudson-Odoi,0.0,205.0,3.0,Chelsea,50.0,0.0,0.0,inf,Midfielder
Nicolas Pépé,0.0,16.0,3.0,Arsenal,50.0,0.0,0.0,inf,Midfielder
Ryan Trevitt,0.0,118.0,3.0,Brentford,45.0,0.0,0.0,inf,Midfielder
Omar Richards,0.0,461.0,2.0,Nott'm Forest,45.0,0.0,0.0,inf,Defender
Paul Dummett,0.0,581.0,2.0,Newcastle,40.0,0.0,0.0,inf,Defender
Tim Iroegbunam,0.0,46.0,3.0,Aston Villa,45.0,0.0,0.0,inf,Midfielder
Alex Telles,0.0,370.0,2.0,Man Utd,45.0,0.0,0.0,inf,Defender
Richie Laryea,0.0,452.0,2.0,Nott'm Forest,45.0,0.0,0.0,inf,Defender
Steven Alzate,0.0,123.0,3.0,Brighton,45.0,0.0,0.0,inf,Midfielder
Ellery Balcombe,0.0,91.0,1.0,Brentford,40.0,0.0,0.0,inf,Goalkeeper
Sepp van den Berg,0.0,312.0,2.0,Liverpool,40.0,0.0,0.0,inf,Defender
Sergio Reguilón,0.0,508.0,2.0,Spurs,45.0,0.0,0.0,inf,Defender
Terence Kongolo,0.0,274.0,2.0,Fulham,40.0,0.0,0.0,inf,Defender
Tom McGill,0.0,141.0,1.0,Brighton,40.0,0.0,0.0,inf,Goalkeeper
Jean-Philippe Gbamin,0.0,251.0,3.0,Everton,45.0,0.0,0.0,inf,Midfielder
Amad Diallo,0.0,371.0,3.0,Man Utd,45.0,0.0,0.0,inf,Midfielder
Andrey Nascimento dos Santos,0.0,186.0,3.0,Chelsea,45.0,0.0,0.0,inf,Midfielder
André Tavares Gomes,0.0,244.0,3.0,Everton,45.0,0.0,0.0,inf,Midfielder
Anthony Knockaert,0.0,273.0,3.0,Fulham,45.0,0.0,0.0,inf,Midfielder
Adrián San Miguel del Castillo,0.0,289.0,1.0,Liverpool,40.0,0.0,0.0,inf,Goalkeeper
Karl Darlow,0.0,408.0,1.0,Newcastle,40.0,0.0,0.0,inf,Goalkeeper
Braian Ojeda Rodríguez,0.0,459.0,3.0,Nott'm Forest,45.0,0.0,0.0,inf,Midfielder
Viljami Sinisalo,0.0,57.0,1.0,Aston Villa,40.0,0.0,0.0,inf,Goalkeeper
Zack Steffen,0.0,367.0,1.0,Man City,40.0,0.0,0.0,inf,Goalkeeper
